person_id,trip_id,purpose,mode,origin_type,origin_x,origin_y,dest_type,dest_x,dest_y,start_time,end_time,duration,status,path_cost,real_distance,wait_time
Person_6448,Person_6448_1,working,train,home,7106.269897880208,3945.474045727763,unknown,6383.066520287023,4062.6484057004186,2.697,2.697,0.0,COMPLETED,0,0,0
Person_6809,Person_6809_1,working,train,home,5646.545766035168,767.1073663556565,unknown,6383.066520287023,4062.6484057004186,122.264,122.264,0.0,COMPLETED,0,0,0
Person_1251,Person_1251_1,working,walking,home,6307.007116305123,4407.453725825244,unknown,6753.286006283763,3714.7935438899995,182.497,182.497,0.0,COMPLETED,0,0,0
Person_2987,Person_2987_1,working,train,home,3645.4168187261794,2313.010473065962,unknown,6383.066520287023,4062.6484057004186,182.497,182.497,0.0,COMPLETED,0,0,0
Person_5800,Person_5800_1,working,train,home,8016.877139373679,2879.734275413383,unknown,8351.70415135049,2763.8378920000764,422.53,422.53,0.0,COMPLETED,0,0,0
Person_9301,Person_9301_1,working,train,home,8497.91835080842,2976.2414438119936,unknown,8351.70415135049,2763.8378920000764,422.53,422.53,0.0,COMPLETED,0,0,0
Person_9409,Person_9409_1,working,walking,home,6826.187655604615,4002.9631246064478,unknown,5908.061135515454,2983.961702940033,602.33,602.33,0.0,COMPLETED,0,0,0
Person_8823,Person_8823_1,working,train,home,6244.304963268677,4364.644335025626,unknown,6383.066520287023,4062.6484057004186,2.697,617.613,614.916,COMPLETED,0,0,0
Person_1018,Person_1018_1,working,train,home,7933.323177732877,3826.113632633249,unknown,8351.70415135049,2763.8378920000764,662.563,662.563,0.0,COMPLETED,0,0,0
Person_1427,Person_1427_1,working,walking,home,7125.48015839048,3974.2393502009277,unknown,6980.17060882167,3727.0047244733337,362.297,662.563,300.26599999999996,COMPLETED,0,0,0
Person_78,Person_78_1,working,train,home,6304.757550733843,4269.402960360962,unknown,6383.066520287023,4062.6484057004186,422.53,707.513,284.98300000000006,COMPLETED,0,0,0
Person_7611,Person_7611_1,working,train,home,5124.224277880134,3448.1361994725335,unknown,6383.066520287023,4062.6484057004186,722.796,722.796,0.0,COMPLETED,0,0,0
Person_1891,Person_1891_1,working,train,home,6278.4655267746875,4366.925532455587,unknown,6383.066520287023,4062.6484057004186,422.53,777.635,355.105,COMPLETED,0,0,0
Person_1580,Person_1580_1,working,train,home,4763.321138417329,5959.090255100543,unknown,5324.662215615522,5920.8056375972865,842.363,842.363,0.0,COMPLETED,0,0,0
Person_7238,Person_7238_1,working,walking,home,6156.039260583908,3627.977036379138,unknown,6451.821586100195,3200.551272926657,62.031,884.616,822.585,COMPLETED,0,0,0
Person_4568,Person_4568_1,working,train,home,8024.010184818359,3279.2178200620788,unknown,8351.70415135049,2763.8378920000764,62.031,890.01,827.979,COMPLETED,0,0,0
Person_8519,Person_8519_1,working,train,home,3631.5479504775285,2282.6880835555926,unknown,6383.066520287023,4062.6484057004186,902.596,902.596,0.0,COMPLETED,0,0,0
Person_9343,Person_9343_1,working,train,home,8308.160618743519,2926.682094142215,unknown,8351.70415135049,2763.8378920000764,662.563,943.051,280.48800000000006,COMPLETED,0,0,0
Person_7507,Person_7507_1,working,train,home,8813.684132852832,2425.10503452317,unknown,8351.70415135049,2763.8378920000764,2.697,949.344,946.647,COMPLETED,0,0,0
Person_6968,Person_6968_1,working,train,home,8114.87396250293,4065.068448448348,unknown,8351.70415135049,2763.8378920000764,1022.163,1022.163,0.0,COMPLETED,0,0,0
Person_2096,Person_2096_1,working,train,home,7895.224207471013,3358.440982380913,unknown,8351.70415135049,2763.8378920000764,182.497,1059.022,876.5249999999999,COMPLETED,0,0,0
Person_6215,Person_6215_1,working,train,home,8322.979636473941,3143.3402158115928,unknown,8351.70415135049,2763.8378920000764,362.297,1065.315,703.018,COMPLETED,0,0,0
Person_1916,Person_1916_1,working,walking,home,6417.454798054926,2243.502038560247,unknown,6980.17060882167,3727.0047244733337,1082.396,1082.396,0.0,COMPLETED,0,0,0
Person_5621,Person_5621_1,working,train,home,7948.725790986424,3103.158574117059,unknown,8351.70415135049,2763.8378920000764,2.697,1116.558,1113.861,COMPLETED,0,0,0
Person_43,Person_43_1,working,train,home,8810.92606028828,2406.232239574941,unknown,8351.70415135049,2763.8378920000764,362.297,1137.235,774.9379999999999,COMPLETED,0,0,0
Person_3119,Person_3119_1,working,train,home,6349.441752605215,4228.5550975618,unknown,6383.066520287023,4062.6484057004186,1142.629,1142.629,0.0,COMPLETED,0,0,0
Person_7489,Person_7489_1,working,train,home,6356.245916027802,2863.310032536736,unknown,6383.066520287023,4062.6484057004186,1142.629,1142.629,0.0,COMPLETED,0,0,0
Person_4123,Person_4123_1,working,train,home,7860.970070520568,3358.736959349723,unknown,8351.70415135049,2763.8378920000764,182.497,1143.528,961.031,COMPLETED,0,0,0
Person_9054,Person_9054_1,working,train,home,8249.181729055785,3160.7987560339325,unknown,8351.70415135049,2763.8378920000764,422.53,1174.094,751.5640000000001,COMPLETED,0,0,0
Person_2102,Person_2102_1,working,train,home,7643.737025680254,3215.2155674697274,unknown,8351.70415135049,2763.8378920000764,302.064,1183.983,881.9189999999999,COMPLETED,0,0,0
Person_597,Person_597_1,working,train,home,7056.205914359292,4842.335471162163,unknown,6383.066520287023,4062.6484057004186,1201.963,1201.963,0.0,COMPLETED,0,0,0
Person_2682,Person_2682_1,working,train,home,6535.690639561729,4047.4945630416905,unknown,6383.066520287023,4062.6484057004186,1201.963,1201.963,0.0,COMPLETED,0,0,0
Person_5763,Person_5763_1,working,walking,home,8179.11171978525,3003.5581052660955,unknown,6980.17060882167,3727.0047244733337,1201.963,1201.963,0.0,COMPLETED,0,0,0
Person_7696,Person_7696_1,working,train,home,8838.307384203548,2523.6499666702157,unknown,8351.70415135049,2763.8378920000764,602.33,1225.337,623.007,COMPLETED,0,0,0
Person_8748,Person_8748_1,working,train,home,7947.493538257055,2536.5740249677297,unknown,8351.70415135049,2763.8378920000764,182.497,1225.337,1042.84,COMPLETED,0,0,0
Person_7559,Person_7559_1,working,train,home,8338.646844392764,3272.618961856206,unknown,8351.70415135049,2763.8378920000764,722.796,1229.832,507.03600000000006,COMPLETED,0,0,0
Person_677,Person_677_1,working,train,home,7914.388075777839,2997.376531262149,unknown,8351.70415135049,2763.8378920000764,62.031,1288.267,1226.236,COMPLETED,0,0,0
Person_4667,Person_4667_1,working,train,home,4928.2796477076945,6100.600085179227,unknown,5324.662215615522,5920.8056375972865,542.097,1306.247,764.1500000000001,COMPLETED,0,0,0
Person_701,Person_701_1,working,train,home,7946.513790019167,3179.3684424147596,unknown,8351.70415135049,2763.8378920000764,1322.429,1322.429,0.0,COMPLETED,0,0,0
Person_7217,Person_7217_1,working,train,home,7619.084309412377,3260.6671070460325,unknown,8351.70415135049,2763.8378920000764,122.264,1326.025,1203.7610000000002,COMPLETED,0,0,0
Person_1837,Person_1837_1,working,walking,home,7635.080813796169,3575.772958527231,unknown,6839.399852089795,3585.511730890991,242.73,1344.904,1102.174,COMPLETED,0,0,0
Person_4201,Person_4201_1,working,walking,home,6306.12012395996,4303.6478430188145,unknown,6894.377262739245,4562.107792110269,182.497,1350.298,1167.801,COMPLETED,0,0,0
Person_2428,Person_2428_1,working,walking,home,6981.990030988465,4337.637439199955,unknown,6897.893782272236,3752.9120240344228,602.33,1385.359,783.0289999999999,COMPLETED,0,0,0
Person_2228,Person_2228_1,working,walking,home,5190.5311308568025,2520.4578446285514,unknown,8640.52148904632,1242.1470644446506,1441.996,1441.996,0.0,COMPLETED,0,0,0
Person_5010,Person_5010_1,working,walking,home,6803.850839182586,3993.6619085497296,unknown,6451.821586100195,3200.551272926657,1441.996,1441.996,0.0,COMPLETED,0,0,0
Person_5091,Person_5091_1,working,walking,home,6209.676578472997,2193.5293742457848,unknown,5901.5627362491805,2994.702412765903,122.264,1469.865,1347.601,COMPLETED,0,0,0
Person_5416,Person_5416_1,working,train,home,8152.502010491996,3790.7983432567676,unknown,8351.70415135049,2763.8378920000764,242.73,1496.835,1254.105,COMPLETED,0,0,0
Person_7364,Person_7364_1,working,walking,home,7581.972116151287,3898.8189596769876,unknown,6850.81127161198,3522.934095561738,122.264,1510.32,1388.056,COMPLETED,0,0,0
Person_4817,Person_4817_1,working,train,home,8950.583651200412,2425.1388474879195,unknown,8351.70415135049,2763.8378920000764,362.297,1515.714,1153.417,COMPLETED,0,0,0
Person_6601,Person_6601_1,working,walking,home,7568.85039398101,4317.575485820485,unknown,6839.399852089795,3585.511730890991,62.031,1516.613,1454.582,COMPLETED,0,0,0
Person_3211,Person_3211_1,working,walking,home,7845.975484157773,3412.359145928244,unknown,6850.81127161198,3522.934095561738,482.763,1549.876,1067.113,COMPLETED,0,0,0
Person_8354,Person_8354_1,working,walking,home,7933.276767132663,3856.9488514476766,unknown,6850.81127161198,3522.934095561738,1562.462,1562.462,0.0,COMPLETED,0,0,0
Person_3598,Person_3598_1,working,train,home,8372.365160588155,3467.552335357856,unknown,8351.70415135049,2763.8378920000764,482.763,1609.21,1126.4470000000001,COMPLETED,0,0,0
Person_9871,Person_9871_1,working,train,home,8815.089269955663,2623.8020426134854,unknown,8351.70415135049,2763.8378920000764,542.097,1613.705,1071.608,COMPLETED,0,0,0
Person_518,Person_518_1,working,train,home,6663.568697951939,3401.9516242803334,unknown,6383.066520287023,4062.6484057004186,122.264,1619.099,1496.835,COMPLETED,0,0,0
Person_5204,Person_5204_1,working,train,home,7952.122243312373,3117.145225993429,unknown,8351.70415135049,2763.8378920000764,1622.695,1622.695,0.0,COMPLETED,0,0,0
Person_2068,Person_2068_1,working,train,home,8140.631130887971,3267.9430101701273,unknown,8351.70415135049,2763.8378920000764,542.097,1677.534,1135.4370000000001,COMPLETED,0,0,0
Person_2186,Person_2186_1,working,train,home,6269.789203344465,2824.0817205740686,unknown,6383.066520287023,4062.6484057004186,2.697,1679.332,1676.6350000000002,COMPLETED,0,0,0
Person_6675,Person_6675_1,working,train,home,6877.484581101863,4017.8669688482587,unknown,6383.066520287023,4062.6484057004186,182.497,1708.999,1526.502,COMPLETED,0,0,0
Person_70,Person_70_1,working,train,home,8815.296196650334,2482.6265047459287,unknown,8351.70415135049,2763.8378920000764,961.93,1713.494,751.564,COMPLETED,0,0,0
Person_5169,Person_5169_1,working,train,home,8680.367978934908,2499.6569587717195,unknown,8351.70415135049,2763.8378920000764,1262.196,1719.787,457.5910000000001,COMPLETED,0,0,0
Person_4615,Person_4615_1,working,train,home,6486.249715099354,3963.1014616327607,unknown,6383.066520287023,4062.6484057004186,1022.163,1725.181,703.018,COMPLETED,0,0,0
Person_5259,Person_5259_1,working,walking,home,6004.740272151778,2947.000519667273,unknown,6850.81127161198,3522.934095561738,302.064,1760.242,1458.1779999999999,COMPLETED,0,0,0
Person_8110,Person_8110_1,working,train,home,7998.3640791746975,2892.3773001013037,unknown,8351.70415135049,2763.8378920000764,362.297,1772.828,1410.531,COMPLETED,0,0,0
Person_7645,Person_7645_1,working,train,home,7054.620620726871,4098.689240801881,unknown,6383.066520287023,4062.6484057004186,422.53,1788.111,1365.5810000000001,COMPLETED,0,0,0
Person_1241,Person_1241_1,working,train,home,6955.840457530324,4334.598483892092,unknown,6383.066520287023,4062.6484057004186,662.563,1790.808,1128.245,COMPLETED,0,0,0
Person_7133,Person_7133_1,working,train,home,8710.678997175171,3667.8183712078326,unknown,8351.70415135049,2763.8378920000764,842.363,1801.596,959.233,COMPLETED,0,0,0
Person_1340,Person_1340_1,working,train,home,6528.690216607948,4591.828740958371,unknown,6383.066520287023,4062.6484057004186,2.697,1840.253,1837.556,COMPLETED,0,0,0
Person_123,Person_123_1,working,train,home,4907.115916290837,6063.717958165166,unknown,5324.662215615522,5920.8056375972865,782.13,1847.445,1065.315,COMPLETED,0,0,0
Person_8126,Person_8126_1,working,train,home,6864.2021095334985,4217.070393970697,unknown,6383.066520287023,4062.6484057004186,662.563,1849.243,1186.6799999999998,COMPLETED,0,0,0
Person_1550,Person_1550_1,working,train,home,5333.732281028717,5079.297573022628,unknown,5324.662215615522,5920.8056375972865,362.297,1852.839,1490.542,COMPLETED,0,0,0
Person_4334,Person_4334_1,working,train,home,8309.60926172709,3182.5157647392607,unknown,8351.70415135049,2763.8378920000764,1382.662,1853.738,471.076,COMPLETED,0,0,0
Person_9143,Person_9143_1,working,train,home,6811.5946041040725,4401.9965861736755,unknown,6383.066520287023,4062.6484057004186,842.363,1860.031,1017.6679999999999,COMPLETED,0,0,0
Person_7259,Person_7259_1,working,train,home,6242.060456640763,3714.331521282113,unknown,6383.066520287023,4062.6484057004186,1022.163,1866.324,844.1610000000001,COMPLETED,0,0,0
Person_8266,Person_8266_1,working,train,home,8955.927742643935,3160.6604565529774,unknown,8351.70415135049,2763.8378920000764,1022.163,1874.415,852.252,COMPLETED,0,0,0
Person_2405,Person_2405_1,working,train,home,8060.481299146912,3328.276507210449,unknown,8351.70415135049,2763.8378920000764,1142.629,1875.314,732.6850000000002,COMPLETED,0,0,0
Person_3413,Person_3413_1,working,train,home,8094.644222424919,3535.6038101680583,unknown,8351.70415135049,2763.8378920000764,602.33,1883.405,1281.0749999999998,COMPLETED,0,0,0
Person_8129,Person_8129_1,working,train,home,8926.745796865147,2795.4472592082175,unknown,8351.70415135049,2763.8378920000764,1382.662,1886.102,503.44000000000005,COMPLETED,0,0,0
Person_7293,Person_7293_1,working,train,home,7998.954275591711,3618.825306819188,unknown,8351.70415135049,2763.8378920000764,722.796,1923.86,1201.0639999999999,COMPLETED,0,0,0
Person_9334,Person_9334_1,working,train,home,8201.548779401348,2961.792462947791,unknown,8351.70415135049,2763.8378920000764,1142.629,1926.557,783.9280000000001,COMPLETED,0,0,0
Person_9471,Person_9471_1,working,train,home,8902.164597432884,2425.6073174538565,unknown,8351.70415135049,2763.8378920000764,182.497,1983.194,1800.697,COMPLETED,0,0,0
Person_3338,Person_3338_1,working,train,home,6953.903666530267,3471.4544706859792,unknown,6383.066520287023,4062.6484057004186,302.064,1984.093,1682.029,COMPLETED,0,0,0
Person_9877,Person_9877_1,working,train,home,9032.553765730523,3380.4378974309852,unknown,8351.70415135049,2763.8378920000764,782.13,2004.77,1222.6399999999999,COMPLETED,0,0,0
Person_1584,Person_1584_1,working,train,home,7877.146692138954,2890.2084370692323,unknown,8351.70415135049,2763.8378920000764,1622.695,2006.568,383.87300000000005,COMPLETED,0,0,0
Person_5810,Person_5810_1,working,train,home,8182.479968972988,3533.7940682254316,unknown,8351.70415135049,2763.8378920000764,1201.963,2008.366,806.403,COMPLETED,0,0,0
Person_2765,Person_2765_1,working,train,home,8757.123779044043,2305.452343744699,unknown,8351.70415135049,2763.8378920000764,122.264,2021.851,1899.5870000000002,COMPLETED,0,0,0
Person_7560,Person_7560_1,working,train,home,8338.646844392764,3272.618961856206,unknown,8351.70415135049,2763.8378920000764,1441.996,2029.942,587.9459999999999,COMPLETED,0,0,0
Person_5962,Person_5962_1,working,train,home,8430.876338157095,2310.1462893312164,unknown,8351.70415135049,2763.8378920000764,1502.229,2030.841,528.6119999999999,COMPLETED,0,0,0
Person_2262,Person_2262_1,working,train,home,8827.822375361697,2522.997928279143,unknown,8351.70415135049,2763.8378920000764,602.33,2046.124,1443.7939999999999,COMPLETED,0,0,0
Person_8395,Person_8395_1,working,train,home,8060.481299146912,3328.276507210449,unknown,8351.70415135049,2763.8378920000764,1142.629,2053.316,910.6869999999999,COMPLETED,0,0,0
Person_3029,Person_3029_1,working,walking,home,8095.418986988095,3397.8362856305125,unknown,6451.821586100195,3200.551272926657,542.097,2064.104,1522.0069999999998,COMPLETED,0,0,0
Person_294,Person_294_1,working,train,home,8288.533799201994,3724.332665725375,unknown,8351.70415135049,2763.8378920000764,961.93,2122.539,1160.6090000000004,COMPLETED,0,0,0
Person_7379,Person_7379_1,working,train,home,5774.025088835294,3076.7122016877347,unknown,6383.066520287023,4062.6484057004186,62.031,2143.216,2081.185,COMPLETED,0,0,0
Person_8595,Person_8595_1,working,train,home,8256.212685950644,2216.9594074331817,unknown,8351.70415135049,2763.8378920000764,1322.429,2144.115,821.6859999999997,COMPLETED,0,0,0
Person_3061,Person_3061_1,working,walking,home,8089.614510938058,2936.2795780968727,unknown,6850.81127161198,3522.934095561738,242.73,2156.701,1913.971,COMPLETED,0,0,0
Person_4731,Person_4731_1,working,walking,home,8196.399667022522,4033.869040649884,unknown,6753.286006283763,3714.7935438899995,662.563,2170.186,1507.623,COMPLETED,0,0,0
Person_2033,Person_2033_1,working,train,home,6101.469989116659,3064.12132710607,unknown,6383.066520287023,4062.6484057004186,122.264,2184.57,2062.306,COMPLETED,0,0,0
Person_7298,Person_7298_1,working,train,home,8141.1702576258385,3337.8265373300287,unknown,8351.70415135049,2763.8378920000764,482.763,2192.661,1709.8980000000001,COMPLETED,0,0,0
Person_1099,Person_1099_1,working,train,home,8721.190424521641,3131.9672908976286,unknown,8351.70415135049,2763.8378920000764,842.363,2200.752,1358.389,COMPLETED,0,0,0
Person_6728,Person_6728_1,working,walking,home,8009.311991102854,3511.5136677834266,unknown,6753.286006283763,3714.7935438899995,722.796,2230.419,1507.6229999999998,COMPLETED,0,0,0
Person_3707,Person_3707_1,working,train,home,7326.322955545481,4841.6007198846755,unknown,6383.066520287023,4062.6484057004186,362.297,2240.308,1878.011,COMPLETED,0,0,0
Person_4681,Person_4681_1,working,walking,home,6513.235938772062,3543.573915897939,unknown,6980.17060882167,3727.0047244733337,1082.396,2251.995,1169.599,COMPLETED,0,0,0
Person_1714,Person_1714_1,working,train,home,8220.833391544576,2992.8116108383188,unknown,8351.70415135049,2763.8378920000764,422.53,2259.187,1836.657,COMPLETED,0,0,0
Person_7807,Person_7807_1,working,train,home,5697.345383658919,4772.6788804686075,unknown,6383.066520287023,4062.6484057004186,542.097,2295.147,1753.05,COMPLETED,0,0,0
Person_6025,Person_6025_1,working,walking,home,6815.542142832788,3926.9755617419482,unknown,6753.286006283763,3714.7935438899995,1742.262,2305.036,562.7740000000001,COMPLETED,0,0,0
Person_7854,Person_7854_1,working,train,home,8876.38735953274,2606.678240591446,unknown,8351.70415135049,2763.8378920000764,1502.229,2308.632,806.403,COMPLETED,0,0,0
Person_5230,Person_5230_1,working,train,home,9056.7049146947,3506.3536067205205,unknown,8351.70415135049,2763.8378920000764,1201.963,2312.228,1110.265,COMPLETED,0,0,0
Person_2285,Person_2285_1,working,train,home,6566.3804866606315,4246.399142632791,unknown,6383.066520287023,4062.6484057004186,1382.662,2321.218,938.5559999999998,COMPLETED,0,0,0
Person_7141,Person_7141_1,working,train,home,7992.9256386854095,2938.386867437729,unknown,8351.70415135049,2763.8378920000764,542.097,2321.218,1779.1209999999999,COMPLETED,0,0,0
Person_9845,Person_9845_1,working,walking,home,8127.1016427024015,3493.0631831564765,unknown,6980.17060882167,3727.0047244733337,242.73,2325.713,2082.983,COMPLETED,0,0,0
Person_6803,Person_6803_1,working,train,home,6518.013605505075,4361.481079723399,unknown,6383.066520287023,4062.6484057004186,1322.429,2327.511,1005.0819999999999,COMPLETED,0,0,0
Person_6770,Person_6770_1,working,train,home,6301.976064577209,3730.616426836281,unknown,6383.066520287023,4062.6484057004186,961.93,2330.208,1368.2780000000002,COMPLETED,0,0,0
Person_1271,Person_1271_1,working,train,home,7727.70311091625,3212.6583195293447,unknown,8351.70415135049,2763.8378920000764,1502.229,2337.4,835.171,COMPLETED,0,0,0
Person_2866,Person_2866_1,working,walking,home,7223.4326735070135,4151.4206709943755,unknown,8038.675694283114,5107.462994554739,362.297,2367.966,2005.6689999999999,COMPLETED,0,0,0
Person_8425,Person_8425_1,working,train,home,7862.372944791533,3411.984174087949,unknown,8351.70415135049,2763.8378920000764,1441.996,2380.552,938.556,COMPLETED,0,0,0
Person_1635,Person_1635_1,working,train,home,8361.520098739325,3333.7844122472675,unknown,8351.70415135049,2763.8378920000764,542.097,2383.249,1841.1519999999998,COMPLETED,0,0,0
Person_8053,Person_8053_1,working,walking,home,7061.992091769527,4200.931864628819,unknown,6850.81127161198,3522.934095561738,1441.996,2383.249,941.2529999999997,COMPLETED,0,0,0
Person_2763,Person_2763_1,working,train,home,7847.368944991473,3336.2583475176198,unknown,8351.70415135049,2763.8378920000764,1502.229,2392.239,890.01,COMPLETED,0,0,0
Person_8778,Person_8778_1,working,train,home,7898.626702434619,4033.2809664534257,unknown,8351.70415135049,2763.8378920000764,722.796,2409.32,1686.5240000000001,COMPLETED,0,0,0
Person_4396,Person_4396_1,working,train,home,7206.50046017962,3491.521550002221,unknown,6383.066520287023,4062.6484057004186,362.297,2428.199,2065.902,COMPLETED,0,0,0
Person_3126,Person_3126_1,working,train,home,8197.433372982347,3018.9767061348166,unknown,8351.70415135049,2763.8378920000764,1802.495,2433.593,631.098,COMPLETED,0,0,0
Person_622,Person_622_1,working,train,home,6864.20255867255,4438.105743678704,unknown,6383.066520287023,4062.6484057004186,1382.662,2438.088,1055.4260000000002,COMPLETED,0,0,0
Person_1249,Person_1249_1,working,walking,home,8897.536236360305,2394.5782372118647,unknown,8771.070745378134,3029.6096100662385,1022.163,2449.775,1427.612,COMPLETED,0,0,0
Person_5167,Person_5167_1,working,train,home,5795.657725663867,4841.552883421463,unknown,6383.066520287023,4062.6484057004186,182.497,2456.967,2274.4700000000003,COMPLETED,0,0,0
Person_2361,Person_2361_1,working,walking,home,6157.8365969684255,3546.3049355123653,unknown,5872.083656560459,2982.14688861395,1382.662,2457.866,1075.204,COMPLETED,0,0,0
Person_1484,Person_1484_1,working,train,home,7847.543522432937,3019.7351117243343,unknown,8351.70415135049,2763.8378920000764,1262.196,2464.159,1201.9630000000002,COMPLETED,0,0,0
Person_5646,Person_5646_1,working,train,home,5213.191457332962,5257.979827060188,unknown,5324.662215615522,5920.8056375972865,242.73,2465.957,2223.227,COMPLETED,0,0,0
Person_9099,Person_9099_1,working,walking,home,5684.524714470442,2556.073963853181,unknown,5872.083656560459,2982.14688861395,1262.196,2466.856,1204.6600000000003,COMPLETED,0,0,0
Person_1803,Person_1803_1,working,train,home,9115.096578491817,3464.244778524325,unknown,8351.70415135049,2763.8378920000764,842.363,2475.846,1633.483,COMPLETED,0,0,0
Person_8554,Person_8554_1,working,train,home,8197.94831446867,3892.7512431940722,unknown,8351.70415135049,2763.8378920000764,1382.662,2489.331,1106.669,COMPLETED,0,0,0
Person_7301,Person_7301_1,working,train,home,4382.600375257903,5761.886964710865,unknown,5324.662215615522,5920.8056375972865,1262.196,2501.917,1239.721,COMPLETED,0,0,0
Person_5163,Person_5163_1,working,train,home,8310.44124311233,3477.1682753140867,unknown,8351.70415135049,2763.8378920000764,1682.029,2502.816,820.7869999999998,COMPLETED,0,0,0
Person_161,Person_161_1,working,walking,home,7718.426114883559,4860.866552391473,unknown,6897.893782272236,3752.9120240344228,182.497,2504.614,2322.117,COMPLETED,0,0,0
Person_493,Person_493_1,working,train,home,9115.096578491817,3464.244778524325,unknown,8351.70415135049,2763.8378920000764,2.697,2520.796,2518.0989999999997,COMPLETED,0,0,0
Person_2264,Person_2264_1,working,train,home,5749.718553690888,2555.0918753728697,unknown,6383.066520287023,4062.6484057004186,182.497,2523.493,2340.996,COMPLETED,0,0,0
Person_6653,Person_6653_1,working,train,home,7054.2558462513025,4128.751857078049,unknown,6383.066520287023,4062.6484057004186,782.13,2524.392,1742.2619999999997,COMPLETED,0,0,0
Person_4230,Person_4230_1,working,train,home,8097.422922820766,2220.82024341689,unknown,8351.70415135049,2763.8378920000764,1201.963,2529.786,1327.823,COMPLETED,0,0,0
Person_909,Person_909_1,working,walking,home,6582.862631227731,4715.353159403544,unknown,6753.286006283763,3714.7935438899995,662.563,2547.766,1885.203,COMPLETED,0,0,0
Person_5717,Person_5717_1,working,walking,home,6487.742390578092,3781.9460656577226,unknown,6451.821586100195,3200.551272926657,662.563,2549.564,1887.0009999999997,COMPLETED,0,0,0
Person_2355,Person_2355_1,working,walking,home,8300.1570902676,3956.9401318237183,unknown,6897.893782272236,3752.9120240344228,842.363,2550.463,1708.1000000000001,COMPLETED,0,0,0
Person_9359,Person_9359_1,working,train,home,6846.290963473052,4035.3994886264163,unknown,6383.066520287023,4062.6484057004186,1502.229,2583.726,1081.497,COMPLETED,0,0,0
Person_6233,Person_6233_1,working,train,home,7148.9626768619755,3994.365522787454,unknown,6383.066520287023,4062.6484057004186,722.796,2587.322,1864.526,COMPLETED,0,0,0
Person_58,Person_58_1,working,train,home,6909.548427239372,4121.005172173632,unknown,6383.066520287023,4062.6484057004186,722.796,2597.211,1874.4149999999997,COMPLETED,0,0,0
Person_9923,Person_9923_1,working,walking,home,6873.651975058056,4404.371907245225,unknown,7588.16653475176,4092.312108309823,242.73,2607.1,2364.37,COMPLETED,0,0,0
Person_8842,Person_8842_1,working,walking,home,8918.717633913664,2582.188457059677,unknown,8307.13205408836,3086.352864703455,1322.429,2635.868,1313.4389999999999,COMPLETED,0,0,0
Person_7493,Person_7493_1,working,walking,home,8019.766100177091,3794.918487337045,unknown,6850.81127161198,3522.934095561738,662.563,2645.757,1983.194,COMPLETED,0,0,0
Person_2115,Person_2115_1,working,train,home,5798.465086619282,4617.299148081419,unknown,6383.066520287023,4062.6484057004186,1022.163,2697.0,1674.837,COMPLETED,0,0,0
Person_3358,Person_3358_1,working,train,home,8303.409250895767,3572.872587274345,unknown,8351.70415135049,2763.8378920000764,662.563,2723.071,2060.508,COMPLETED,0,0,0
Person_8915,Person_8915_1,working,train,home,6159.0113570957,2558.413054631724,unknown,6383.066520287023,4062.6484057004186,482.763,2723.97,2241.207,COMPLETED,0,0,0
Person_9160,Person_9160_1,working,train,home,8280.381556790653,3558.379410720749,unknown,8351.70415135049,2763.8378920000764,302.064,2737.455,2435.391,COMPLETED,0,0,0
Person_7797,Person_7797_1,working,train,home,4574.1314730474,5888.896431588631,unknown,5324.662215615522,5920.8056375972865,1502.229,2772.516,1270.287,COMPLETED,0,0,0
Person_9559,Person_9559_1,working,train,home,8837.808096233935,2424.66849126012,unknown,8351.70415135049,2763.8378920000764,1322.429,2782.405,1459.976,COMPLETED,0,0,0
Person_1238,Person_1238_1,working,walking,home,6955.840457530324,4334.598483892092,unknown,5872.083656560459,2982.14688861395,362.297,2785.102,2422.805,COMPLETED,0,0,0
Person_6013,Person_6013_1,working,train,home,8040.269850284998,3400.3663336328145,unknown,8351.70415135049,2763.8378920000764,662.563,2788.698,2126.1349999999998,COMPLETED,0,0,0
Person_9634,Person_9634_1,working,train,home,7305.906187148758,4117.364669760429,unknown,6383.066520287023,4062.6484057004186,842.363,2790.496,1948.133,COMPLETED,0,0,0
Person_7144,Person_7144_1,working,train,home,4401.338204806633,5700.2680694483615,unknown,5324.662215615522,5920.8056375972865,722.796,2872.305,2149.509,COMPLETED,0,0,0
Person_803,Person_803_1,working,train,home,7708.793034491484,5208.550112386032,unknown,6383.066520287023,4062.6484057004186,482.763,2875.901,2393.138,COMPLETED,0,0,0
Person_7944,Person_7944_1,working,walking,home,6448.854477738108,3351.068537662182,unknown,6980.17060882167,3727.0047244733337,1441.996,2883.093,1441.0969999999998,COMPLETED,0,0,0
Person_1524,Person_1524_1,working,train,home,6516.918635754127,4055.57870549452,unknown,6383.066520287023,4062.6484057004186,602.33,2889.386,2287.056,COMPLETED,0,0,0
Person_5802,Person_5802_1,working,train,home,6712.642880995936,4590.553943179607,unknown,6383.066520287023,4062.6484057004186,1682.029,2901.073,1219.0439999999999,COMPLETED,0,0,0
Person_6631,Person_6631_1,working,train,home,5789.344551615277,4683.529857112716,unknown,6383.066520287023,4062.6484057004186,482.763,2936.134,2453.371,COMPLETED,0,0,0
Person_8521,Person_8521_1,working,train,home,6546.525649399175,4140.869334159569,unknown,6383.066520287023,4062.6484057004186,1562.462,2936.134,1373.672,COMPLETED,0,0,0
Person_9658,Person_9658_1,working,train,home,7742.676266120683,4941.849675318282,unknown,6383.066520287023,4062.6484057004186,182.497,2948.72,2766.223,COMPLETED,0,0,0
Person_6787,Person_6787_1,working,walking,home,6174.82109922574,2455.798497421686,unknown,6839.399852089795,3585.511730890991,662.563,2950.518,2287.955,COMPLETED,0,0,0
Person_7426,Person_7426_1,working,train,home,6558.831266169246,4696.618862261951,unknown,6383.066520287023,4062.6484057004186,1441.996,2956.811,1514.815,COMPLETED,0,0,0
Person_7155,Person_7155_1,working,train,home,7906.268450935405,4946.833800995849,unknown,6383.066520287023,4062.6484057004186,961.93,2972.094,2010.1640000000002,COMPLETED,0,0,0
Person_714,Person_714_1,working,train,home,6634.712846530981,4684.100670226005,unknown,6383.066520287023,4062.6484057004186,1022.163,2973.892,1951.7289999999998,COMPLETED,0,0,0
Person_7366,Person_7366_1,working,train,home,7636.699027283507,3520.585617619055,unknown,8351.70415135049,2763.8378920000764,482.763,2979.286,2496.523,COMPLETED,0,0,0
Person_7212,Person_7212_1,working,walking,home,5435.424051397438,3184.5860502848236,unknown,6897.893782272236,3752.9120240344228,902.596,2984.68,2082.084,COMPLETED,0,0,0
Person_6885,Person_6885_1,working,train,home,7129.82756947266,3640.213852217499,unknown,6383.066520287023,4062.6484057004186,422.53,2995.468,2572.938,COMPLETED,0,0,0
Person_3165,Person_3165_1,working,train,home,6081.136760143715,4795.176140131617,unknown,6383.066520287023,4062.6484057004186,1262.196,3002.66,1740.464,COMPLETED,0,0,0
Person_300,Person_300_1,working,train,home,7408.499689985657,3570.0397469220366,unknown,6383.066520287023,4062.6484057004186,842.363,3022.438,2180.075,COMPLETED,0,0,0
Person_1747,Person_1747_1,working,walking,home,7525.551370201603,3655.9377799302465,unknown,6932.920012622823,4765.975327657057,1382.662,3032.327,1649.6650000000002,COMPLETED,0,0,0
Person_8473,Person_8473_1,working,train,home,5392.989196240585,2858.9133067405724,unknown,6383.066520287023,4062.6484057004186,62.031,3035.923,2973.892,COMPLETED,0,0,0
Person_6014,Person_6014_1,working,train,home,8090.997040107269,3901.4860129809317,unknown,8351.70415135049,2763.8378920000764,1201.963,3044.014,1842.0510000000002,COMPLETED,0,0,0
Person_1825,Person_1825_1,working,train,home,6166.25985458287,2603.8656853087323,unknown,6383.066520287023,4062.6484057004186,542.097,3065.59,2523.4930000000004,COMPLETED,0,0,0
Person_9047,Person_9047_1,working,train,home,6176.40287923047,2814.778530054959,unknown,6383.066520287023,4062.6484057004186,1322.429,3070.085,1747.656,COMPLETED,0,0,0
Person_3537,Person_3537_1,working,walking,home,7766.153329815699,3188.450702704045,unknown,8537.37232824418,4082.837948281172,1742.262,3081.772,1339.51,COMPLETED,0,0,0
Person_2146,Person_2146_1,working,walking,home,7748.39690141033,4945.4155595482325,unknown,6839.399852089795,3585.511730890991,422.53,3082.671,2660.1409999999996,COMPLETED,0,0,0
Person_1994,Person_1994_1,working,train,home,8070.177470313268,4082.5117980069554,unknown,8351.70415135049,2763.8378920000764,1502.229,3098.853,1596.624,COMPLETED,0,0,0
Person_8441,Person_8441_1,working,train,home,6236.723066786591,2892.2742111934695,unknown,6383.066520287023,4062.6484057004186,542.097,3127.621,2585.5240000000003,COMPLETED,0,0,0
Person_2004,Person_2004_1,working,walking,home,8950.583651200412,2425.1388474879195,unknown,7034.49288343401,3028.1153155881325,662.563,3134.813,2472.25,COMPLETED,0,0,0
Person_931,Person_931_1,working,train,home,7005.934854706682,4218.923019606056,unknown,6383.066520287023,4062.6484057004186,482.763,3161.783,2679.02,COMPLETED,0,0,0
Person_4256,Person_4256_1,working,train,home,5734.470374201383,4766.905155715029,unknown,6383.066520287023,4062.6484057004186,782.13,3179.763,2397.633,COMPLETED,0,0,0
Person_3741,Person_3741_1,working,train,home,4980.730564158418,5307.235909222923,unknown,5324.662215615522,5920.8056375972865,1682.029,3202.238,1520.2089999999998,COMPLETED,0,0,0
Person_2196,Person_2196_1,working,train,home,7677.910553234859,3317.4967760317545,unknown,8351.70415135049,2763.8378920000764,1262.196,3218.42,1956.2240000000002,COMPLETED,0,0,0
Person_2246,Person_2246_1,working,train,home,8101.194980592951,3340.6857393747455,unknown,8351.70415135049,2763.8378920000764,961.93,3232.804,2270.8740000000003,COMPLETED,0,0,0
Person_1717,Person_1717_1,working,train,home,6172.494394628282,3563.7634155975898,unknown,6383.066520287023,4062.6484057004186,1682.029,3237.299,1555.27,COMPLETED,0,0,0
Person_8962,Person_8962_1,working,walking,home,6798.1554149283575,4373.813755093317,unknown,8814.275893347078,2600.603644607052,2.697,3237.299,3234.602,COMPLETED,0,0,0
Person_7786,Person_7786_1,working,train,home,5750.263077696956,4596.708755290707,unknown,6383.066520287023,4062.6484057004186,2.697,3239.996,3237.299,COMPLETED,0,0,0
Person_6769,Person_6769_1,working,train,home,5844.237023672401,2637.9002885343057,unknown,6383.066520287023,4062.6484057004186,1262.196,3248.087,1985.891,COMPLETED,0,0,0
Person_6218,Person_6218_1,working,train,home,7384.847608571696,3678.9040332396676,unknown,6383.066520287023,4062.6484057004186,482.763,3260.673,2777.91,COMPLETED,0,0,0
Person_6220,Person_6220_1,working,train,home,8320.776822919903,3389.6284370495655,unknown,8351.70415135049,2763.8378920000764,1441.996,3265.168,1823.172,COMPLETED,0,0,0
Person_4488,Person_4488_1,working,walking,home,7854.210584442146,3846.595695634869,unknown,6596.6449373770965,4515.058302908642,1682.029,3279.552,1597.5230000000001,COMPLETED,0,0,0
Person_8366,Person_8366_1,working,train,home,6730.781551622522,3402.0795667823413,unknown,6383.066520287023,4062.6484057004186,1441.996,3281.35,1839.3539999999998,COMPLETED,0,0,0
Person_4339,Person_4339_1,working,walking,home,7582.663852173903,3790.197102930693,unknown,6850.81127161198,3522.934095561738,602.33,3298.431,2696.101,COMPLETED,0,0,0
Person_1202,Person_1202_1,working,walking,home,7401.899753861143,4058.404296655804,unknown,6451.821586100195,3200.551272926657,302.064,3300.229,2998.165,COMPLETED,0,0,0
Person_8598,Person_8598_1,working,train,home,7673.753823624361,5107.1838457182075,unknown,6383.066520287023,4062.6484057004186,662.563,3313.714,2651.151,COMPLETED,0,0,0
Person_896,Person_896_1,working,train,home,6340.167585202514,2780.156924164236,unknown,6383.066520287023,4062.6484057004186,1382.662,3331.694,1949.032,COMPLETED,0,0,0
Person_2243,Person_2243_1,working,walking,home,8051.428480066024,3889.815702282251,unknown,6749.755453020404,3273.529339912455,1622.695,3336.189,1713.494,COMPLETED,0,0,0
Person_3577,Person_3577_1,working,walking,home,6959.014443174276,4285.741496023765,unknown,6753.286006283763,3714.7935438899995,782.13,3359.563,2577.433,COMPLETED,0,0,0
Person_6633,Person_6633_1,working,train,home,7895.557074606968,3377.041145716038,unknown,8351.70415135049,2763.8378920000764,1802.495,3363.159,1560.6640000000002,COMPLETED,0,0,0
Person_8802,Person_8802_1,working,train,home,7417.8502387947965,4062.1721880437526,unknown,6383.066520287023,4062.6484057004186,1022.163,3364.957,2342.794,COMPLETED,0,0,0
Person_3451,Person_3451_1,working,train,home,6075.41982465097,2864.8962443730784,unknown,6383.066520287023,4062.6484057004186,1022.163,3365.856,2343.693,COMPLETED,0,0,0
Person_8385,Person_8385_1,working,walking,home,7835.435248954476,3729.2001151015816,unknown,5872.083656560459,2982.14688861395,1322.429,3369.452,2047.0230000000001,COMPLETED,0,0,0
Person_2710,Person_2710_1,working,train,home,5625.080261571035,4730.216991072069,unknown,6383.066520287023,4062.6484057004186,1322.429,3398.22,2075.7909999999997,COMPLETED,0,0,0
Person_6691,Person_6691_1,working,train,home,7932.585023046804,3370.8740040155158,unknown,8351.70415135049,2763.8378920000764,1142.629,3409.907,2267.2780000000002,COMPLETED,0,0,0
Person_5712,Person_5712_1,working,train,home,9504.51561976218,3156.4332062665953,unknown,8351.70415135049,2763.8378920000764,782.13,3434.18,2652.0499999999997,COMPLETED,0,0,0
Person_6248,Person_6248_1,working,walking,home,5712.594571996592,4864.659928079132,unknown,5901.5627362491805,2994.702412765903,722.796,3436.877,2714.081,COMPLETED,0,0,0
Person_9495,Person_9495_1,working,train,home,8290.420958143446,3621.43054824778,unknown,8351.70415135049,2763.8378920000764,1562.462,3454.857,1892.395,COMPLETED,0,0,0
Person_6935,Person_6935_1,working,train,home,8011.388795406246,3926.5126762764066,unknown,8351.70415135049,2763.8378920000764,1441.996,3459.352,2017.3559999999998,COMPLETED,0,0,0
Person_2325,Person_2325_1,working,train,home,5730.854889581432,4660.981721359221,unknown,6383.066520287023,4062.6484057004186,1502.229,3479.13,1976.901,COMPLETED,0,0,0
Person_9260,Person_9260_1,working,walking,home,7767.271665854411,3622.134525336608,unknown,5908.061135515454,2983.961702940033,1441.996,3498.908,2056.912,COMPLETED,0,0,0
Person_4291,Person_4291_1,working,walking,home,7299.45660557374,4252.775394160527,unknown,6980.17060882167,3727.0047244733337,1562.462,3504.302,1941.8400000000001,COMPLETED,0,0,0
Person_2377,Person_2377_1,working,train,home,7525.551370201603,3655.9377799302465,unknown,6383.066520287023,4062.6484057004186,1262.196,3524.979,2262.783,COMPLETED,0,0,0
Person_1909,Person_1909_1,working,walking,home,5575.65480769624,4567.407597257496,unknown,6850.81127161198,3522.934095561738,602.33,3538.464,2936.134,COMPLETED,0,0,0
Person_5972,Person_5972_1,working,train,home,8054.327019357116,3794.0583718080347,unknown,8351.70415135049,2763.8378920000764,1802.495,3541.161,1738.6660000000002,COMPLETED,0,0,0
Person_1608,Person_1608_1,working,train,home,5761.628379630139,3077.970767720888,unknown,6383.066520287023,4062.6484057004186,842.363,3542.959,2700.5959999999995,COMPLETED,0,0,0
Person_4962,Person_4962_1,working,train,home,7542.835279762156,3638.8733510362117,unknown,6383.066520287023,4062.6484057004186,1201.963,3542.959,2340.996,COMPLETED,0,0,0
Person_309,Person_309_1,working,train,home,5389.327553169517,2336.3901399036918,unknown,6383.066520287023,4062.6484057004186,302.064,3558.242,3256.1780000000003,COMPLETED,0,0,0
Person_1072,Person_1072_1,working,walking,home,6097.741665378329,3732.6083911608457,unknown,7875.835330552236,4335.181021378391,842.363,3564.535,2722.1719999999996,COMPLETED,0,0,0
Person_7074,Person_7074_1,working,train,home,5480.78538420123,2963.3631375375116,unknown,6383.066520287023,4062.6484057004186,1262.196,3570.828,2308.632,COMPLETED,0,0,0
Person_7334,Person_7334_1,working,walking,home,7882.128851782808,3632.0346664651747,unknown,5887.791508799354,2982.146731596164,182.497,3579.818,3397.3210000000004,COMPLETED,0,0,0
Person_2720,Person_2720_1,working,train,home,6960.617412189659,3847.632517075321,unknown,6383.066520287023,4062.6484057004186,1262.196,3585.212,2323.016,COMPLETED,0,0,0
Person_2929,Person_2929_1,working,train,home,7576.7035552025245,3667.9514075107154,unknown,6383.066520287023,4062.6484057004186,1441.996,3588.808,2146.812,COMPLETED,0,0,0
Person_508,Person_508_1,working,train,home,8255.005659655348,3266.381533408893,unknown,8351.70415135049,2763.8378920000764,1682.029,3598.697,1916.6680000000001,COMPLETED,0,0,0
Person_3672,Person_3672_1,working,train,home,7415.441050831922,4711.707041432387,unknown,6383.066520287023,4062.6484057004186,302.064,3599.596,3297.532,COMPLETED,0,0,0
Person_6808,Person_6808_1,working,walking,home,7406.244053655202,4107.3595997944985,unknown,5887.791508799354,2982.146731596164,3602.293,3602.293,0.0,COMPLETED,0,0,0
Person_2638,Person_2638_1,working,train,home,7054.2558462513025,4128.751857078049,unknown,6383.066520287023,4062.6484057004186,1382.662,3603.192,2220.5299999999997,COMPLETED,0,0,0
Person_5518,Person_5518_1,working,walking,home,5427.032759984248,2737.2234465550764,unknown,6839.399852089795,3585.511730890991,1201.963,3604.091,2402.1279999999997,COMPLETED,0,0,0
Person_4785,Person_4785_1,working,walking,home,7948.725790986424,3103.158574117059,unknown,5901.5627362491805,2994.702412765903,782.13,3625.667,2843.537,COMPLETED,0,0,0
Person_5461,Person_5461_1,working,walking,home,7887.703344297012,3887.1351727522906,unknown,6839.399852089795,3585.511730890991,961.93,3640.95,2679.02,COMPLETED,0,0,0
Person_1980,Person_1980_1,working,train,home,6675.439467444666,4460.810861157302,unknown,6383.066520287023,4062.6484057004186,3662.526,3662.526,0.0,COMPLETED,0,0,0
Person_2888,Person_2888_1,working,walking,home,5744.4765977439165,2592.027742689022,unknown,6980.17060882167,3727.0047244733337,3662.526,3662.526,0.0,COMPLETED,0,0,0
Person_4643,Person_4643_1,working,train,home,7066.709554168621,3805.4823915256275,unknown,6383.066520287023,4062.6484057004186,1142.629,3664.324,2521.695,COMPLETED,0,0,0
Person_8302,Person_8302_1,working,train,home,6224.348865849533,2219.737046109243,unknown,6383.066520287023,4062.6484057004186,2.697,3668.819,3666.122,COMPLETED,0,0,0
Person_7908,Person_7908_1,working,walking,home,6583.2041167821135,4087.559606868804,unknown,6451.821586100195,3200.551272926657,961.93,3718.264,2756.3340000000003,COMPLETED,0,0,0
Person_8149,Person_8149_1,working,train,home,7685.6337366187945,3991.1997619719355,unknown,6383.066520287023,4062.6484057004186,842.363,3728.153,2885.79,COMPLETED,0,0,0
Person_6886,Person_6886_1,working,train,home,8369.061292273498,3656.4193633295863,unknown,8351.70415135049,2763.8378920000764,1382.662,3762.315,2379.6530000000002,COMPLETED,0,0,0
Person_8916,Person_8916_1,working,train,home,6159.0113570957,2558.413054631724,unknown,6383.066520287023,4062.6484057004186,1322.429,3781.194,2458.765,COMPLETED,0,0,0
Person_2835,Person_2835_1,working,walking,home,7599.965479409917,5205.6096233726585,unknown,7496.806830499172,4098.356433487937,602.33,3802.77,3200.44,COMPLETED,0,0,0
Person_1657,Person_1657_1,working,train,home,7821.2428268535095,5017.9800710624,unknown,6383.066520287023,4062.6484057004186,1322.429,3826.144,2503.7149999999997,COMPLETED,0,0,0
Person_9283,Person_9283_1,working,walking,home,6005.505860103496,3733.9804940627046,unknown,6980.17060882167,3727.0047244733337,1382.662,3897.165,2514.5029999999997,COMPLETED,0,0,0
Person_515,Person_515_1,working,train,home,6572.9742257499065,4135.854880569613,unknown,6383.066520287023,4062.6484057004186,3902.559,3902.559,0.0,COMPLETED,0,0,0
Person_6492,Person_6492_1,working,train,home,7384.847608571696,3678.9040332396676,unknown,6383.066520287023,4062.6484057004186,3902.559,3902.559,0.0,COMPLETED,0,0,0
Person_4816,Person_4816_1,working,walking,home,8950.583651200412,2425.1388474879195,unknown,5887.791508799354,2982.146731596164,662.563,3903.458,3240.895,COMPLETED,0,0,0
Person_8759,Person_8759_1,working,walking,home,6869.069602490022,3342.8913028091997,unknown,5872.083656560459,2982.14688861395,1802.495,3925.933,2123.438,COMPLETED,0,0,0
Person_1356,Person_1356_1,working,train,home,5435.424051397438,3184.5860502848236,unknown,6383.066520287023,4062.6484057004186,1682.029,3958.297,2276.268,COMPLETED,0,0,0
Person_2721,Person_2721_1,working,walking,home,8078.417328080871,2973.138918530079,unknown,6980.17060882167,3727.0047244733337,3962.792,3962.792,0.0,COMPLETED,0,0,0
Person_7480,Person_7480_1,working,train,home,8230.938600732936,3362.021240187214,unknown,8351.70415135049,2763.8378920000764,1742.262,3983.469,2241.2070000000003,COMPLETED,0,0,0
Person_6449,Person_6449_1,working,train,home,6844.611201599066,3908.724771863354,unknown,6383.066520287023,4062.6484057004186,1622.695,3985.267,2362.572,COMPLETED,0,0,0
Person_575,Person_575_1,working,train,home,6423.72433458372,2207.4171258238466,unknown,6383.066520287023,4062.6484057004186,62.031,4026.621,3964.59,COMPLETED,0,0,0
Person_3113,Person_3113_1,working,walking,home,5387.15221445365,2734.7692870943997,unknown,6753.286006283763,3714.7935438899995,961.93,4045.5,3083.57,COMPLETED,0,0,0
Person_7391,Person_7391_1,working,train,home,6907.764367093506,2961.165832707904,unknown,6383.066520287023,4062.6484057004186,902.596,4056.288,3153.692,COMPLETED,0,0,0
Person_1843,Person_1843_1,working,train,home,6417.454798054926,2243.502038560247,unknown,6383.066520287023,4062.6484057004186,4082.359,4082.359,0.0,COMPLETED,0,0,0
Person_4181,Person_4181_1,working,train,home,6180.789433464881,3543.315389542859,unknown,6383.066520287023,4062.6484057004186,1441.996,4084.157,2642.161,COMPLETED,0,0,0
Person_6971,Person_6971_1,working,train,home,7078.927947727134,4116.005632394085,unknown,6383.066520287023,4062.6484057004186,1802.495,4094.046,2291.551,COMPLETED,0,0,0
Person_1676,Person_1676_1,working,walking,home,8108.4218773541115,3493.054725903623,unknown,5901.5627362491805,2994.702412765903,1742.262,4100.339,2358.077,COMPLETED,0,0,0
Person_3673,Person_3673_1,working,walking,home,6829.958893715733,4097.893303392171,unknown,6894.377262739245,4562.107792110269,4142.592,4142.592,0.0,COMPLETED,0,0,0
Person_7710,Person_7710_1,working,train,home,6943.42592484859,4585.863080481192,unknown,6383.066520287023,4062.6484057004186,961.93,4147.087,3185.1570000000006,COMPLETED,0,0,0
Person_8543,Person_8543_1,working,train,home,7962.56835161945,2870.4103265404738,unknown,8351.70415135049,2763.8378920000764,3602.293,4150.683,548.3899999999999,COMPLETED,0,0,0
Person_2455,Person_2455_1,working,train,home,8032.8252463445815,5217.955605485007,unknown,6383.066520287023,4062.6484057004186,1441.996,4151.582,2709.5860000000002,COMPLETED,0,0,0
Person_454,Person_454_1,working,train,home,8386.30361823003,4804.023308759503,unknown,8351.70415135049,2763.8378920000764,1682.029,4169.562,2487.533,COMPLETED,0,0,0
Person_4703,Person_4703_1,working,walking,home,5755.265235143054,3078.588152917869,unknown,8038.396241174717,3995.9469326736357,1742.262,4172.259,2429.9970000000003,COMPLETED,0,0,0
Person_200,Person_200_1,working,walking,home,6280.852200457417,2913.426138272672,unknown,6850.81127161198,3522.934095561738,1382.662,4174.057,2791.3949999999995,COMPLETED,0,0,0
Person_2532,Person_2532_1,working,train,home,7406.244053655202,4107.3595997944985,unknown,6383.066520287023,4062.6484057004186,4201.926,4201.926,0.0,COMPLETED,0,0,0
Person_5477,Person_5477_1,working,walking,home,8092.4424099360085,4002.0659959651725,unknown,6839.399852089795,3585.511730890991,4201.926,4201.926,0.0,COMPLETED,0,0,0
Person_7543,Person_7543_1,working,train,home,7631.235334164509,3402.9581956036873,unknown,8351.70415135049,2763.8378920000764,4201.926,4201.926,0.0,COMPLETED,0,0,0
Person_3158,Person_3158_1,working,train,home,8052.272494372059,3225.648619764182,unknown,8351.70415135049,2763.8378920000764,1622.695,4213.613,2590.9180000000006,COMPLETED,0,0,0
Person_5072,Person_5072_1,working,train,home,8300.0188795925,3299.8129504405656,unknown,8351.70415135049,2763.8378920000764,4262.159,4262.159,0.0,COMPLETED,0,0,0
Person_8422,Person_8422_1,working,train,home,6086.204126855733,5536.682300746563,unknown,5324.662215615522,5920.8056375972865,4262.159,4262.159,0.0,COMPLETED,0,0,0
Person_4433,Person_4433_1,working,train,home,8280.586418305595,2988.5121166567824,unknown,8351.70415135049,2763.8378920000764,3782.093,4296.321,514.2280000000001,COMPLETED,0,0,0
Person_8344,Person_8344_1,working,train,home,7113.314589194261,2035.0896251096335,unknown,8351.70415135049,2763.8378920000764,662.563,4334.079,3671.5159999999996,COMPLETED,0,0,0
Person_7031,Person_7031_1,working,train,home,8900.99884409571,2636.945675745305,unknown,8351.70415135049,2763.8378920000764,3662.526,4343.069,680.5430000000006,COMPLETED,0,0,0
Person_1532,Person_1532_1,working,train,home,5852.050669688016,2627.732569488343,unknown,6383.066520287023,4062.6484057004186,961.93,4346.665,3384.735,COMPLETED,0,0,0
Person_6753,Person_6753_1,working,train,home,6032.096185114836,2869.1385783079945,unknown,6383.066520287023,4062.6484057004186,1802.495,4361.049,2558.554,COMPLETED,0,0,0
Person_2284,Person_2284_1,working,train,home,6566.3804866606315,4246.399142632791,unknown,6383.066520287023,4062.6484057004186,3662.526,4368.241,705.7150000000001,COMPLETED,0,0,0
Person_9374,Person_9374_1,working,train,home,5852.050669688016,2627.732569488343,unknown,6383.066520287023,4062.6484057004186,1022.163,4375.433,3353.27,COMPLETED,0,0,0
Person_5142,Person_5142_1,working,train,home,6117.7131782787665,2229.2283334458216,unknown,6383.066520287023,4062.6484057004186,2.697,4390.716,4388.019,COMPLETED,0,0,0
Person_1012,Person_1012_1,working,train,home,7635.080813796169,3575.772958527231,unknown,8351.70415135049,2763.8378920000764,1441.996,4407.797,2965.8009999999995,COMPLETED,0,0,0
Person_9153,Person_9153_1,working,train,home,8874.16523297169,3245.199237290079,unknown,8351.70415135049,2763.8378920000764,3602.293,4459.04,856.7469999999998,COMPLETED,0,0,0
Person_4455,Person_4455_1,working,walking,home,7801.243188611561,3728.055802720762,unknown,5901.5627362491805,2994.702412765903,1742.262,4487.808,2745.5460000000003,COMPLETED,0,0,0
Person_2225,Person_2225_1,working,walking,home,5382.7158479591135,2694.3681955166458,unknown,6753.286006283763,3714.7935438899995,302.064,4499.495,4197.431,COMPLETED,0,0,0
Person_6021,Person_6021_1,working,train,home,7952.122243312373,3117.145225993429,unknown,8351.70415135049,2763.8378920000764,4502.192,4502.192,0.0,COMPLETED,0,0,0
Person_8826,Person_8826_1,working,train,home,6777.866733909566,4379.034480328447,unknown,6383.066520287023,4062.6484057004186,1742.262,4582.203,2839.9410000000007,COMPLETED,0,0,0
Person_2533,Person_2533_1,working,walking,home,7406.244053655202,4107.3595997944985,unknown,6980.17060882167,3727.0047244733337,4622.658,4622.658,0.0,COMPLETED,0,0,0
Person_2524,Person_2524_1,working,walking,home,6840.798877258688,3920.1499913350162,unknown,6753.286006283763,3714.7935438899995,4382.625,4641.537,258.91200000000026,COMPLETED,0,0,0
Person_6574,Person_6574_1,working,walking,home,8653.515824855322,3692.2018372591606,unknown,8738.74136084426,2592.9727978284686,182.497,4655.022,4472.525,COMPLETED,0,0,0
Person_9420,Person_9420_1,working,walking,home,8009.476383568963,3529.505710665146,unknown,5901.5627362491805,2994.702412765903,1742.262,4659.517,2917.255,COMPLETED,0,0,0
Person_4133,Person_4133_1,working,train,home,5187.085768314384,2526.008513670757,unknown,6383.066520287023,4062.6484057004186,4681.992,4681.992,0.0,COMPLETED,0,0,0
Person_6913,Person_6913_1,working,train,home,6070.318634422748,5594.604533595535,unknown,5324.662215615522,5920.8056375972865,4681.992,4681.992,0.0,COMPLETED,0,0,0
Person_7463,Person_7463_1,working,train,home,7411.859865440438,4218.933062362287,unknown,6383.066520287023,4062.6484057004186,4681.992,4681.992,0.0,COMPLETED,0,0,0
Person_8203,Person_8203_1,working,train,home,6172.378356558978,4477.503159533712,unknown,6383.066520287023,4062.6484057004186,4262.159,4688.285,426.1260000000002,COMPLETED,0,0,0
Person_7780,Person_7780_1,working,walking,home,8010.898080993342,3891.3764582845056,unknown,5887.791508799354,2982.146731596164,1382.662,4709.861,3327.1989999999996,COMPLETED,0,0,0
Person_7756,Person_7756_1,working,walking,home,6537.066371259672,4339.829804282404,unknown,5872.083656560459,2982.14688861395,842.363,4725.144,3882.781,COMPLETED,0,0,0
Person_1101,Person_1101_1,working,train,home,6293.5937827028565,2774.277052713016,unknown,6383.066520287023,4062.6484057004186,4742.225,4742.225,0.0,COMPLETED,0,0,0
Person_8434,Person_8434_1,working,train,home,6316.727006816664,2836.8239258844123,unknown,6383.066520287023,4062.6484057004186,4742.225,4742.225,0.0,COMPLETED,0,0,0
Person_5399,Person_5399_1,working,train,home,6543.2342034813055,4594.945644189899,unknown,6383.066520287023,4062.6484057004186,3602.293,4749.417,1147.1240000000003,COMPLETED,0,0,0
Person_7417,Person_7417_1,working,train,home,6099.928467593693,3703.7565035848884,unknown,6383.066520287023,4062.6484057004186,1022.163,4774.589,3752.426,COMPLETED,0,0,0
Person_3411,Person_3411_1,working,train,home,7539.297860403295,3579.923206373491,unknown,6383.066520287023,4062.6484057004186,482.763,4783.579,4300.816,COMPLETED,0,0,0
Person_8205,Person_8205_1,working,walking,home,7704.889201459743,3833.8843076926682,unknown,6850.81127161198,3522.934095561738,1382.662,4798.862,3416.2,COMPLETED,0,0,0
Person_5128,Person_5128_1,working,train,home,9058.230265769138,3344.5964581597514,unknown,8351.70415135049,2763.8378920000764,482.763,4843.812,4361.049,COMPLETED,0,0,0
Person_2231,Person_2231_1,working,train,home,7759.720427015374,5158.259592524698,unknown,6383.066520287023,4062.6484057004186,1142.629,4857.297,3714.6679999999997,COMPLETED,0,0,0
Person_235,Person_235_1,working,train,home,6389.014966455384,3491.2746484878003,unknown,6383.066520287023,4062.6484057004186,4862.691,4862.691,0.0,COMPLETED,0,0,0
Person_1851,Person_1851_1,working,train,home,6606.743436749925,2177.221969054957,unknown,6383.066520287023,4062.6484057004186,1262.196,4893.257,3631.0609999999997,COMPLETED,0,0,0
Person_3233,Person_3233_1,working,train,home,6991.877651714587,4362.332649333264,unknown,6383.066520287023,4062.6484057004186,3662.526,4908.54,1246.0140000000001,COMPLETED,0,0,0
Person_1017,Person_1017_1,working,train,home,7933.323177732877,3826.113632633249,unknown,8351.70415135049,2763.8378920000764,4922.025,4922.025,0.0,COMPLETED,0,0,0
Person_9475,Person_9475_1,working,train,home,8140.631130887971,3267.9430101701273,unknown,8351.70415135049,2763.8378920000764,3902.559,4938.207,1035.6480000000001,COMPLETED,0,0,0
Person_9652,Person_9652_1,working,train,home,7617.040365235873,3417.34160008658,unknown,8351.70415135049,2763.8378920000764,1382.662,4971.47,3588.808,COMPLETED,0,0,0
Person_8838,Person_8838_1,working,walking,home,7027.556336210026,1911.4414141423522,unknown,6850.81127161198,3522.934095561738,4982.258,4982.258,0.0,COMPLETED,0,0,0
Person_6208,Person_6208_1,working,train,home,8143.206501616304,2849.554905404652,unknown,8351.70415135049,2763.8378920000764,4802.458,4987.652,185.19400000000041,COMPLETED,0,0,0
Person_371,Person_371_1,working,train,home,6777.3616701851615,4166.41347428811,unknown,6383.066520287023,4062.6484057004186,3722.759,4999.339,1276.58,COMPLETED,0,0,0
Person_9264,Person_9264_1,working,walking,home,8086.329700630162,3084.1911365129704,unknown,5887.791508799354,2982.146731596164,302.064,5014.622,4712.558,COMPLETED,0,0,0
Person_4603,Person_4603_1,working,walking,home,7295.137583533816,4037.2084762786867,unknown,5872.083656560459,2982.14688861395,182.497,5030.804,4848.307,COMPLETED,0,0,0
